player_id,season,whiff_pct,n_pitches
425794,2023,13.090656416321703,1691.0
425844,2023,17.010455159981976,2219.0
434378,2023,22.658570330514987,2602.0
445276,2023,27.5,557.0
445926,2023,24.68223443223443,546.0
446372,2023,20.241855670103092,970.0
448179,2023,19.98646551724138,2320.0
450203,2023,31.571358198451797,2842.0
453178,2023,25.5,191.0
453268,2023,21.189889025893958,811.0
453286,2023,28.510709939148075,2465.0
455119,2023,23.22576866764275,683.0
456501,2023,18.636559139784946,837.0
458681,2023,28.815724660562044,3167.0
471911,2023,24.018781725888335,1576.0
472610,2023,26.359804983748646,923.0
476595,2023,18.350833333333338,240.0
477132,2023,25.936060606060607,1980.0
488984,2023,19.305791505791504,259.0
489119,2023,19.01921397379913,1832.0
489446,2023,30.68903846153846,1040.0
493603,2023,23.50952380952381,966.0
500779,2023,21.498032506415736,1169.0
502043,2023,24.69476629361422,3038.0
502085,2023,30.52214828897338,1052.0
502171,2023,21.02435517970402,2365.0
502202,2023,18.28775510204082,294.0
502624,2023,21.436587129428776,1383.0
506433,2023,24.760090293453725,2215.0
518397,2023,19.313744075829383,633.0
518489,2023,25.21929046563193,902.0
518516,2023,19.95798319327731,238.0
518585,2023,32.33239171374765,1062.0
518617,2023,26.135624999999997,960.0
518876,2023,26.697716732072777,2803.0
518886,2023,33.42772277227723,1111.0
519043,2023,28.49469879518072,830.0
519151,2023,31.44951033732318,919.0
519242,2023,29.94173652694611,1670.0
519293,2023,28.046553966189855,769.0
523260,2023,29.106768189509303,591.0
527048,2023,15.729023124115146,2119.0
527054,2023,19.789581205311542,979.0
541640,2023,17.0,780.0
542585,2023,24.97132947976879,865.0
542881,2023,27.50935162094763,2406.0
542888,2023,26.621951219512194,738.0
542914,2023,31.078339350180507,277.0
542947,2023,15.307046070460702,369.0
543037,2023,26.155962183592557,3279.0
543056,2023,30.796096904441452,743.0
543101,2023,20.127178825048414,1549.0
543135,2023,26.394352308381894,2231.0
543243,2023,25.457381121362666,2818.0
543272,2023,22.19938080495356,969.0
543294,2023,19.078662733529992,2034.0
543351,2023,29.124770642201835,436.0
543475,2023,20.03810369318182,2816.0
543507,2023,23.46533505154639,776.0
543518,2023,30.091442542787284,1227.0
543521,2023,26.33417190775681,954.0
543548,2023,22.2,71.0
543766,2023,21.328217054263565,645.0
543859,2023,25.365558194774344,1263.0
543901,2023,8.5,95.0
547179,2023,21.746831597222222,2304.0
547184,2023,21.7,145.0
547943,2023,22.260979020979025,715.0
547973,2023,40.958484525080046,937.0
548384,2023,28.712307692307697,975.0
548389,2023,23.474053627760252,1268.0
554340,2023,31.490328467153287,1096.0
554430,2023,29.080203691915976,3142.0
570257,2023,38.5,93.0
570632,2023,23.774203338391505,659.0
570666,2023,14.376889848812095,463.0
571479,2023,33.383526682134566,431.0
571510,2023,31.324381301558205,1091.0
571539,2023,20.728571428571428,378.0
571578,2023,21.671526351813828,2922.0
571656,2023,30.537304847986853,1217.0
571670,2023,24.321956295525492,961.0
571760,2023,26.431266846361186,2597.0
571863,2023,23.03370786516854,534.0
571882,2023,26.871955719557196,813.0
571901,2023,19.38973384030418,789.0
571927,2023,25.16317512274959,1833.0
571945,2023,16.835783547075383,3197.0
571946,2023,26.004675716440424,663.0
571948,2023,20.805647517039922,1027.0
572020,2023,27.275247524752476,1515.0
572403,2023,30.37130518234165,1042.0
572955,2023,32.70498154981549,1084.0
572971,2023,16.600698080279233,573.0
573009,2023,23.22159090909091,528.0
573124,2023,24.760295930949443,811.0
573186,2023,22.762778029959144,2203.0
573204,2023,21.3,251.0
579328,2023,27.618966131907307,2805.0
592094,2023,34.858612975391495,894.0
592229,2023,15.798179059180576,659.0
592254,2023,24.0,148.0
592332,2023,29.105814717477006,3044.0
592351,2023,26.177242302543508,2241.0
592426,2023,31.393749999999997,512.0
592454,2023,35.4,518.0
592741,2023,26.487039563437925,733.0
592767,2023,27.04947851481018,2397.0
592773,2023,31.471759259259258,864.0
592779,2023,46.11729323308271,266.0
592789,2023,17.799928571428573,1400.0
592791,2023,21.89758224336108,2523.0
592826,2023,27.223214285714285,560.0
592836,2023,20.289963636363634,2750.0
592848,2023,33.8,144.0
592866,2023,19.329030992546098,2549.0
593334,2023,29.416878402903816,1653.0
593576,2023,30.783126787416588,1049.0
593619,2023,32.3,151.0
593958,2023,23.868254637436767,2372.0
593974,2023,28.543043995243757,841.0
594577,2023,22.70739436619718,284.0
594580,2023,22.890603363006925,1011.0
594798,2023,42.602238805970146,402.0
594835,2023,18.55710014947683,669.0
594902,2023,20.852522746071134,1209.0
594943,2023,21.150837988826815,358.0
595345,2023,30.285068762278975,1018.0
595928,2023,23.46271186440678,295.0
596001,2023,27.12509225092251,1355.0
596057,2023,22.0,106.0
596112,2023,44.73823529411764,680.0
596133,2023,21.689753143921752,2147.0
596271,2023,20.5698347107438,242.0
596295,2023,18.819052044609666,2152.0
598264,2023,19.577659574468086,376.0
598286,2023,23.95229793977813,631.0
600917,2023,36.777378435517974,946.0
600921,2023,25.073214285714286,672.0
601713,2023,29.64532040472175,2372.0
605130,2023,31.400417710944023,1197.0
605135,2023,21.843944636678202,2890.0
605154,2023,27.482466567607723,673.0
605177,2023,30.401752464403067,913.0
605182,2023,23.422266600099853,2003.0
605200,2023,19.86217008797654,1364.0
605218,2023,20.02307692307692,494.0
605242,2023,31.664954337899545,876.0
605280,2023,25.351272015655578,1022.0
605288,2023,18.680359147025815,1782.0
605347,2023,22.980227743271218,966.0
605397,2023,26.362790697674416,1548.0
605400,2023,25.193683187560737,3087.0
605447,2023,35.62349726775957,915.0
605463,2023,21.56928838951311,267.0
605483,2023,36.352905874921035,3166.0
605498,2023,17.77388888888889,360.0
605513,2023,21.93859649122807,456.0
605540,2023,27.869141531322505,862.0
606149,2023,34.67221570926143,853.0
606160,2023,30.633439744612925,1253.0
606303,2023,27.358750000000004,1120.0
606930,2023,21.819117647058825,204.0
606965,2023,29.424087591240877,548.0
607067,2023,23.746428571428574,2016.0
607074,2023,26.71831683168317,1010.0
607179,2023,26.034958382877523,841.0
607192,2023,35.39571201694018,1889.0
607237,2023,24.529411764705884,476.0
607259,2023,27.764318442153495,1746.0
607359,2023,18.5,108.0
607481,2023,29.571964679911698,906.0
607536,2023,17.126056338028167,2414.0
607625,2023,21.357690592955862,2243.0
607644,2023,17.645098039215686,255.0
607755,2023,17.9,698.0
607968,2023,20.623618090452265,199.0
608032,2023,27.769627507163325,1047.0
608328,2023,20.9,79.0
608331,2023,28.22045670789724,1051.0
608337,2023,28.529754698948707,3139.0
608344,2023,20.684094488188975,1270.0
608371,2023,32.494057377049174,976.0
608379,2023,23.764604966139956,2215.0
608566,2023,10.2,112.0
608638,2023,18.490963855421686,664.0
608665,2023,28.727573529411764,1088.0
608678,2023,33.89086757990868,876.0
608717,2023,20.766533546325878,1252.0
608718,2023,21.56758193091231,1129.0
608723,2023,22.95204081632653,588.0
612434,2023,26.57072164948453,970.0
613534,2023,30.1,325.0
614179,2023,29.439406779661017,708.0
615698,2023,19.011228070175438,1710.0
621016,2023,28.27992351816443,1046.0
621051,2023,26.752777777777776,900.0
621057,2023,15.4,177.0
621074,2023,27.589464882943144,598.0
621076,2023,25.348394004282657,934.0
621107,2023,22.911828793774323,2570.0
621112,2023,22.77070437566702,1874.0
621237,2023,32.792682926829265,738.0
621244,2023,24.98358310626703,2936.0
621249,2023,27.5,87.0
621294,2023,14.6,120.0
621295,2023,14.191594202898552,345.0
621345,2023,31.349340866290017,1062.0
621363,2023,28.640776699029125,927.0
621366,2023,26.84413646055437,469.0
621368,2023,23.713357400722025,277.0
621381,2023,28.413308823529412,1360.0
621383,2023,24.08486707566462,978.0
621389,2023,14.375976230899829,1178.0
622065,2023,29.331360946745562,845.0
622072,2023,21.830011723329427,1706.0
622075,2023,32.3411051212938,742.0
622098,2023,25.014656144306652,887.0
622250,2023,36.941007194244605,834.0
622251,2023,22.043096234309623,239.0
622259,2023,32.67669902912621,309.0
622491,2023,30.53423760523854,3207.0
622503,2023,43.8,123.0
622554,2023,29.63927272727273,825.0
622663,2023,20.926275016139446,1549.0
622772,2023,23.615079365079364,504.0
622780,2023,32.494725274725276,455.0
623149,2023,29.473500967117985,1034.0
623167,2023,22.827975460122698,1630.0
623211,2023,31.42707509881423,1012.0
623352,2023,33.619563058589875,1007.0
623433,2023,30.611729622266402,503.0
623437,2023,19.90830769230769,975.0
623465,2023,31.996205630354964,817.0
623474,2023,20.806798866855523,353.0
624133,2023,22.848907646474675,2014.0
624522,2023,22.78385269121813,353.0
624647,2023,27.72243186582809,477.0
625643,2023,30.61637010676157,1124.0
628317,2023,28.402075702075702,1638.0
628452,2023,31.479999999999997,870.0
628708,2023,26.118960244648317,654.0
628711,2023,23.95665584415585,1848.0
630023,2023,17.439380196523054,1323.0
640448,2023,24.78780952380952,1050.0
640451,2023,26.808707124010553,758.0
640455,2023,24.328181374939057,2051.0
640462,2023,33.16681818181818,880.0
640470,2023,28.507683073229295,833.0
641154,2023,30.56739417989418,3024.0
641302,2023,17.84726688102894,622.0
641329,2023,24.187244897959182,784.0
641360,2023,29.687281795511225,1203.0
641401,2023,27.848161764705882,544.0
641482,2023,24.08543307086614,1016.0
641540,2023,21.118522954091816,2505.0
641585,2023,21.93189459336665,2201.0
641627,2023,23.643778801843318,868.0
641656,2023,32.67282941777324,979.0
641672,2023,30.319070904645482,409.0
641703,2023,24.356480380499406,841.0
641712,2023,19.676363636363636,1210.0
641729,2023,32.707134637514386,869.0
641743,2023,14.3,132.0
641745,2023,22.6662100456621,657.0
641755,2023,22.633219178082193,292.0
641771,2023,26.429264214046825,598.0
641778,2023,23.725490196078432,663.0
641793,2023,20.15491470349309,1231.0
641816,2023,20.464133738601824,329.0
641835,2023,22.803831891223734,809.0
641871,2023,35.72441588785046,856.0
641927,2023,28.346651982378855,2270.0
641941,2023,22.55105204872647,903.0
642048,2023,28.402547770700636,628.0
642100,2023,31.85799739921976,769.0
642207,2023,42.63634385201306,919.0
642216,2023,23.366292134831458,534.0
642231,2023,17.9,151.0
642232,2023,21.902738764044944,1424.0
642239,2023,25.726938775510206,245.0
642397,2023,33.281120331950206,964.0
642528,2023,12.4,165.0
642545,2023,23.107111111111113,1350.0
642546,2023,27.955110220440886,499.0
642547,2023,33.72574850299401,2839.0
642585,2023,43.63209351753454,941.0
642770,2023,17.89757085020243,247.0
643256,2023,14.814016172506738,371.0
643338,2023,37.7,110.0
643361,2023,18.30030120481928,332.0
643377,2023,26.783858267716536,1016.0
643410,2023,30.39735327963176,869.0
643493,2023,20.486036671368126,709.0
643511,2023,22.201078167115902,1113.0
645261,2023,25.209300567107753,2645.0
647315,2023,25.0,121.0
647336,2023,22.239908256880735,436.0
650496,2023,21.5,116.0
650556,2023,39.65625517812759,1207.0
650633,2023,28.47465794170137,1681.0
650644,2023,22.802129817444218,1972.0
650671,2023,21.6,135.0
650893,2023,27.176568501920617,781.0
650911,2023,25.31528444139822,1459.0
650960,2023,21.617721518987345,316.0
656061,2023,26.69297352342159,982.0
656222,2023,28.480373831775697,642.0
656232,2023,22.8936790923825,1234.0
656234,2023,20.545758754863815,1285.0
656257,2023,27.31392405063291,553.0
656271,2023,22.15121668597914,863.0
656288,2023,28.78144927536232,2070.0
656290,2023,34.9,159.0
656302,2023,30.315618084097377,3163.0
656353,2023,20.098956975228162,767.0
656382,2023,25.475925925925928,324.0
656412,2023,24.01276595744681,1034.0
656427,2023,26.87512077294686,2484.0
656457,2023,30.3,122.0
656464,2023,30.26568720379147,1055.0
656529,2023,27.56666666666667,852.0
656546,2023,36.787268232385664,809.0
656557,2023,28.870881670533638,1724.0
656578,2023,22.99636752136752,936.0
656605,2023,22.923535093367676,3106.0
656629,2023,27.12947729220223,2334.0
656638,2023,36.86229508196721,976.0
656730,2023,33.23422370617696,599.0
656731,2023,23.36417910447761,2211.0
656756,2023,25.940402637972927,2881.0
656794,2023,21.6,144.0
656814,2023,16.4,96.0
656849,2023,28.963224821973547,1966.0
656876,2023,24.566420664206642,542.0
656945,2023,36.011184755592375,1207.0
656970,2023,21.60322580645161,248.0
656981,2023,18.8,129.0
657006,2023,24.28585780525502,2588.0
657024,2023,32.60821529745042,1059.0
657031,2023,31.629433962264148,265.0
657044,2023,20.48496420047733,419.0
657053,2023,24.591335044929398,1558.0
657097,2023,32.182327586206895,928.0
657140,2023,22.753846153846155,442.0
657240,2023,33.91981900452488,1105.0
657248,2023,36.4,103.0
657265,2023,26.447596899224806,645.0
657277,2023,20.33139534883721,3182.0
657376,2023,23.17663796330962,2671.0
657508,2023,25.578564593301433,1045.0
657514,2023,25.762941176470587,850.0
657571,2023,26.24926971762415,1027.0
657585,2023,23.26865671641791,201.0
657612,2023,14.802627511591961,647.0
657746,2023,27.108739365815932,2586.0
657756,2023,21.64543663821405,1523.0
658648,2023,28.20338218714769,887.0
659275,2023,22.88074957410562,587.0
660261,2023,30.28798151001541,1298.0
660271,2023,30.54627976190476,2016.0
660761,2023,30.177366255144033,486.0
660787,2023,12.3,244.0
660813,2023,17.044241119483313,929.0
660825,2023,27.8,122.0
660853,2023,28.440293809024134,953.0
660896,2023,32.8,133.0
661309,2023,18.504166666666666,768.0
661395,2023,36.33008849557522,1017.0
661403,2023,27.63536804308797,1114.0
661440,2023,17.5245,600.0
661527,2023,25.246204188481673,764.0
662253,2023,38.62775119617225,836.0
663158,2023,26.441176470588236,425.0
663362,2023,19.093610698365527,673.0
663372,2023,22.17762039660057,706.0
663385,2023,10.5,136.0
663423,2023,25.38,310.0
663462,2023,29.480445544554453,404.0
663465,2023,24.0,90.0
663474,2023,17.4,190.0
663485,2023,18.8,152.0
663542,2023,28.6,142.0
663546,2023,21.8220202020202,495.0
663556,2023,33.604175824175826,1820.0
663558,2023,34.29137931034483,696.0
663559,2023,17.653024911032027,1124.0
663562,2023,12.3,302.0
663567,2023,21.346723646723643,1404.0
663623,2023,18.240847694457386,2147.0
663658,2023,22.97115987460815,638.0
663687,2023,23.56082089552239,1072.0
663704,2023,21.6592,250.0
663738,2023,24.982916666666668,720.0
663765,2023,13.659939759036146,664.0
663773,2023,21.36177311725453,1049.0
663776,2023,27.033232628398796,2317.0
663804,2023,25.903703703703698,567.0
663855,2023,28.17471590909091,1056.0
663878,2023,26.137974683544304,632.0
663903,2023,20.835510363707474,2557.0
663941,2023,22.91687306501548,1292.0
663947,2023,27.270225694444445,1152.0
663986,2023,30.11330967169476,1127.0
663989,2023,10.199999999999998,101.0
663992,2023,23.84,295.0
664028,2023,20.316363636363636,220.0
664062,2023,21.31106434155141,1663.0
664126,2023,30.503703703703703,729.0
664139,2023,25.86998207885305,1116.0
664192,2023,17.905967976710333,687.0
664199,2023,27.34297752808989,1068.0
664208,2023,33.442226680040115,997.0
664285,2023,26.35774456521739,2944.0
664294,2023,34.05176738882554,877.0
664299,2023,27.088611111111113,2880.0
664353,2023,25.55939781021898,1096.0
664747,2023,34.366522864538396,1159.0
664854,2023,34.90815602836879,564.0
664875,2023,23.623753169907015,1183.0
664942,2023,14.75294117647059,289.0
665001,2023,18.2,127.0
665048,2023,21.197635135135137,296.0
665152,2023,23.811806981519503,2922.0
665620,2023,19.7,162.0
665622,2023,24.695372750642672,1945.0
665625,2023,30.997371303395397,913.0
665665,2023,32.8,130.0
665795,2023,30.228801331853496,1802.0
665871,2023,20.71775265957447,1504.0
666129,2023,24.172932634126667,2479.0
666142,2023,30.549243379571244,1586.0
666154,2023,15.445752895752895,518.0
666157,2023,28.735398230088492,565.0
666159,2023,19.210087719298247,1140.0
666168,2023,19.11825396825397,756.0
666200,2023,31.963553913335573,2977.0
666201,2023,21.89271758436945,1689.0
666204,2023,26.614567901234565,405.0
666205,2023,20.523705926481618,1333.0
666214,2023,25.510673575129534,1930.0
666277,2023,28.689467723669313,883.0
666364,2023,15.502857142857144,280.0
666374,2023,38.81393239901072,1213.0
666619,2023,29.49224054316198,1031.0
666720,2023,20.0,142.0
666721,2023,16.108121827411168,197.0
666745,2023,21.19950738916256,1421.0
666808,2023,32.033744493392064,1135.0
666818,2023,25.135930735930735,462.0
666974,2023,24.35513733468973,983.0
667427,2023,28.143089430894307,369.0
667463,2023,20.680912863070542,482.0
667755,2023,36.9407063197026,538.0
668338,2023,21.4,131.0
668665,2023,24.3,307.0
668674,2023,28.17532314923619,851.0
668676,2023,19.008080808080805,297.0
668678,2023,26.282691715429625,3247.0
668868,2023,23.54326923076923,1144.0
668881,2023,31.21901871522509,1977.0
668909,2023,28.364755351681957,1308.0
668933,2023,22.445368375700127,2321.0
668941,2023,36.70064935064935,462.0
668970,2023,25.144256756756757,592.0
668984,2023,20.9,148.0
669022,2023,27.826913372582,2378.0
669060,2023,18.402179598953794,1147.0
669084,2023,30.2,199.0
669093,2023,20.2,199.0
669145,2023,48.9,85.0
669160,2023,14.73086642599278,554.0
669169,2023,20.800000000000004,99.0
669194,2023,20.7337037037037,2160.0
669203,2023,29.297012016888594,3079.0
669211,2023,25.948177083333334,384.0
669212,2023,28.256982758620687,1160.0
669276,2023,29.09416909620991,343.0
669302,2023,26.40391618000687,2911.0
669330,2023,26.022122963741456,1903.0
669373,2023,30.68383392226148,1132.0
669387,2023,21.11345794392523,535.0
669395,2023,32.005693950177935,281.0
669424,2023,27.94259868421053,608.0
669432,2023,30.429515418502202,227.0
669438,2023,23.46854565952649,887.0
669456,2023,23.23207847295864,1886.0
669459,2023,31.453144266337855,811.0
669461,2023,20.97551440329218,972.0
669467,2023,18.39294755877034,1106.0
669618,2023,32.7,90.0
669674,2023,19.668619246861923,717.0
669684,2023,22.108051948051948,770.0
669711,2023,23.866666666666664,207.0
669713,2023,24.48002853067047,1402.0
669721,2023,24.1,114.0
669796,2023,28.98664343786295,861.0
669854,2023,31.68905472636816,804.0
669923,2023,22.531335740072205,2770.0
669947,2023,21.082449856733522,1396.0
669952,2023,25.057711442786072,201.0
670046,2023,22.093150684931505,438.0
670059,2023,23.616361679224973,929.0
670102,2023,24.283514099783083,461.0
670124,2023,22.459999999999997,340.0
670167,2023,23.766137566137566,756.0
670174,2023,26.918292682926825,1312.0
670241,2023,24.258156028368795,282.0
670280,2023,33.443206521739135,1104.0
670329,2023,11.0,148.0
670912,2023,25.153468815697273,2854.0
670950,2023,35.94728624535316,1345.0
670970,2023,18.4,93.0
670990,2023,21.331059506531204,689.0
671096,2023,25.694397463002115,1892.0
671106,2023,23.730370014416145,2081.0
671111,2023,18.945454545454545,275.0
671131,2023,21.1,159.0
671212,2023,21.7,135.0
671345,2023,18.702681992337162,1044.0
671737,2023,25.336428571428574,1820.0
672282,2023,26.79801633605601,2571.0
672335,2023,19.887545787545786,819.0
672391,2023,20.811475409836067,366.0
672578,2023,30.71032,1250.0
672582,2023,20.052050919377653,707.0
672710,2023,26.27773689052438,1087.0
672715,2023,16.694328358208956,335.0
672730,2023,17.1,76.0
672851,2023,22.525541125541128,924.0
673540,2023,29.996910441924125,2557.0
674003,2023,23.757303370786516,801.0
674072,2023,21.62043165467626,1390.0
674285,2023,11.8,118.0
674370,2023,20.46007281553398,824.0
674444,2023,21.4,103.0
675540,2023,21.45979094076655,1435.0
675627,2023,26.741071428571427,1008.0
675911,2023,38.8353017102291,3099.0
675916,2023,31.19330601092896,732.0
675989,2023,22.721485411140584,377.0
676092,2023,9.5,172.0
676130,2023,28.876687116564415,652.0
676206,2023,14.7,148.0
676254,2023,29.63452157598499,1066.0
676265,2023,26.189465648854966,655.0
676272,2023,27.591474062660502,1947.0
676395,2023,24.788122605363988,522.0
676440,2023,26.07081360309944,2323.0
676477,2023,28.37271922054916,1129.0
676534,2023,21.853246753246754,462.0
676596,2023,17.554495159059474,723.0
676664,2023,24.75020964360587,2862.0
676680,2023,25.075899280575538,834.0
676684,2023,24.239894319682957,757.0
676710,2023,26.250810295519543,2098.0
676714,2023,35.970666666666666,225.0
676760,2023,28.880303030303033,792.0
676775,2023,30.868760907504363,573.0
676979,2023,28.033085501858736,269.0
677020,2023,19.5,143.0
677053,2023,29.3145416227608,949.0
677651,2023,29.512209302325576,344.0
677865,2023,23.814383561643833,438.0
677944,2023,20.25977653631285,358.0
677960,2023,23.339770554493306,1046.0
678061,2023,34.339356435643566,404.0
678394,2023,23.860232558139533,2580.0
678606,2023,18.8211214953271,535.0
679346,2023,13.0,93.0
679525,2023,29.547093889716837,1342.0
679885,2023,18.2,142.0
680570,2023,26.947458480120787,1987.0
680686,2023,26.726310083122513,2767.0
680689,2023,18.716525423728815,236.0
680694,2023,25.016186504927976,2638.0
680704,2023,31.169470404984423,963.0
680723,2023,17.392233009708736,618.0
680735,2023,31.05190839694657,393.0
680739,2023,21.54880694143167,461.0
680767,2023,18.8,132.0
681190,2023,15.294482758620688,435.0
681217,2023,28.119270833333335,768.0
681402,2023,26.67236842105263,380.0
681806,2023,25.22178861788618,615.0
681857,2023,26.674786845310596,1642.0
681867,2023,16.984424379232507,443.0
681882,2023,28.650114416475972,437.0
681911,2023,30.34815256257449,839.0
681982,2023,20.58927943760984,569.0
682010,2023,24.115044247787612,339.0
682051,2023,19.712807881773397,203.0
682052,2023,16.7,103.0
682120,2023,27.56231884057971,414.0
682171,2023,42.4,140.0
682175,2023,19.484652278177457,417.0
682227,2023,22.303446359088383,1799.0
682243,2023,24.119873663751214,2058.0
682842,2023,35.71145194274029,489.0
682847,2023,22.649553877831156,1457.0
682990,2023,22.575064599483202,774.0
683175,2023,23.37396449704142,338.0
683232,2023,12.0,217.0
683769,2023,16.061463414634144,615.0
685314,2023,27.6,98.0
685410,2023,21.968789808917197,471.0
686218,2023,30.024242424242424,990.0
686294,2023,22.525882352941178,425.0
686539,2023,22.2,93.0
686610,2023,25.26232,2500.0
686613,2023,24.541651101979827,2677.0
686651,2023,14.0,107.0
686654,2023,21.4536231884058,207.0
686747,2023,21.379661016949154,472.0
686752,2023,26.5494623655914,558.0
686753,2023,29.93428571428571,560.0
686826,2023,19.03184713375796,314.0
686839,2023,31.42993311036789,598.0
686973,2023,25.96657407407407,1080.0
687145,2023,14.6,129.0
687330,2023,21.92102759276879,1051.0
687396,2023,25.20406852248394,467.0
687798,2023,30.184384384384384,333.0
687830,2023,18.9,82.0
687888,2023,13.174285714285716,210.0
689225,2023,21.516283524904214,522.0
689266,2023,19.810351201478742,541.0
690829,2023,23.5,157.0
690986,2023,24.6171875,512.0
691587,2023,34.1157514450867,1384.0
693433,2023,28.284372759856634,1395.0
693821,2023,22.85222885222885,2849.0
694037,2023,30.414317180616738,454.0
694297,2023,24.311439842209076,1521.0
694363,2023,21.463109048723897,862.0
694813,2023,30.230143540669857,418.0
695243,2023,28.43828920570265,491.0
696136,2023,20.872406181015453,453.0
696147,2023,34.0,190.0
700363,2023,12.0,245.0
701643,2023,21.68088235294118,612.0
434378,2024,21.36305449936629,1578.0
445276,2024,28.4,674.0
445926,2024,15.291719077568134,954.0
450203,2024,25.585309924758153,2791.0
453286,2024,28.638059701492537,536.0
455119,2024,24.36774193548387,589.0
458677,2024,25.858736059479554,807.0
458681,2024,24.222404371584698,2013.0
471911,2024,21.723127463863335,1522.0
472610,2024,22.24163372859025,759.0
477132,2024,18.22994923857868,394.0
489446,2024,33.604215686274514,1020.0
493603,2024,22.761302211302212,814.0
500779,2024,22.30446967009578,2819.0
502043,2024,23.473227206946454,2764.0
502085,2024,30.17827681026581,1091.0
502171,2024,13.183653846153845,208.0
502624,2024,23.745681581685748,961.0
506433,2024,24.355974264705882,1088.0
518397,2024,16.36341463414634,492.0
518489,2024,25.97698113207547,265.0
518585,2024,36.48275862068966,1131.0
518617,2024,29.003541666666667,480.0
518876,2024,20.884425451092117,1053.0
518886,2024,30.456311745334798,911.0
519008,2024,19.99700598802395,835.0
519043,2024,27.367216981132078,848.0
519151,2024,26.448155953635403,949.0
519242,2024,30.740071047957368,2815.0
519293,2024,23.779292929292932,594.0
519326,2024,22.66163967611336,988.0
523260,2024,15.657692307692308,416.0
527048,2024,20.276032682705402,2203.0
541640,2024,21.25,238.0
542585,2024,24.141340782122906,179.0
542881,2024,27.415069930069933,2860.0
542888,2024,22.069200394866733,1013.0
543037,2024,25.02071330589849,1458.0
543056,2024,32.04615384615385,273.0
543135,2024,26.825838264299804,2535.0
543243,2024,29.165364478453487,2483.0
543294,2024,18.867400468384073,2135.0
543339,2024,33.75268935236004,911.0
543351,2024,27.73695652173913,368.0
543518,2024,27.538900634249476,473.0
543859,2024,23.66466926070039,1285.0
544150,2024,24.768326603858235,2229.0
547001,2024,6.5,93.0
547179,2024,21.96799184505607,1962.0
547184,2024,23.237128712871286,404.0
547973,2024,31.65,1128.0
548389,2024,16.659145850120872,1241.0
552640,2024,27.63163565132223,1021.0
554340,2024,27.982978723404255,329.0
554430,2024,27.79706445437141,3134.0
554431,2024,13.6,117.0
570257,2024,14.833962264150944,212.0
570632,2024,23.529531812725093,1666.0
571510,2024,31.877454545454544,550.0
571578,2024,21.672982840452722,2739.0
571656,2024,26.62123287671233,1168.0
571670,2024,18.151080550098236,1018.0
571760,2024,26.241746825702194,2599.0
571882,2024,28.747878302642114,1249.0
571927,2024,18.675155279503105,644.0
571945,2024,16.730299667036626,2703.0
571946,2024,24.308823529411764,850.0
571948,2024,19.546865959498554,1037.0
572020,2024,22.123987915407852,1655.0
572143,2024,19.677564825253665,887.0
572955,2024,27.72072892938497,878.0
572971,2024,15.2,175.0
573009,2024,27.489842805320432,827.0
573124,2024,22.100924214417745,1082.0
573186,2024,20.272538860103626,2509.0
573204,2024,26.239704209328778,879.0
579328,2024,29.167601778994182,2923.0
592094,2024,39.111111111111114,1089.0
592155,2024,29.24129496402878,695.0
592288,2024,7.7,176.0
592332,2024,23.32618549511855,2868.0
592351,2024,23.75963777490297,1546.0
592426,2024,29.19570484581498,908.0
592454,2024,36.057575757575755,693.0
592662,2024,33.710144927536234,483.0
592767,2024,24.779060265577115,979.0
592773,2024,34.34042105263157,950.0
592779,2024,29.7,121.0
592791,2024,18.999838904550945,2483.0
592836,2024,16.202411347517728,1410.0
592866,2024,23.375375939849622,1064.0
593334,2024,17.55860805860806,273.0
593423,2024,25.056967050416834,2519.0
593576,2024,27.6408938547486,895.0
593958,2024,23.08349875930521,806.0
593974,2024,17.61269841269841,504.0
594580,2024,23.673415492957748,568.0
594835,2024,21.302547770700638,314.0
594902,2024,17.356868730920194,2293.0
595014,2024,33.167910447761194,536.0
595345,2024,24.485714285714288,511.0
595881,2024,37.0,105.0
595897,2024,27.8,125.0
596001,2024,24.610000000000003,860.0
596133,2024,33.55137138621201,1349.0
596295,2024,19.17881679389313,2620.0
598264,2024,18.8,93.0
598286,2024,7.1,94.0
600917,2024,37.32387791741472,1114.0
600986,2024,24.455813953488374,731.0
601713,2024,25.379362416107384,2384.0
605121,2024,31.895532646048114,873.0
605130,2024,33.64099502487562,1005.0
605135,2024,20.95140250084488,2959.0
605154,2024,25.5,994.0
605155,2024,28.245989304812834,374.0
605156,2024,18.931739130434785,230.0
605177,2024,33.85801447776629,967.0
605280,2024,29.94177449168207,1082.0
605288,2024,18.173862536302032,1033.0
605347,2024,22.595261845386535,802.0
605397,2024,28.639480354879588,1578.0
605400,2024,24.11304484164315,3189.0
605447,2024,23.22186046511628,215.0
605452,2024,26.109090909090906,1177.0
605463,2024,29.853174603174605,1134.0
605483,2024,37.123250564334086,1772.0
605488,2024,28.620047732696897,419.0
605513,2024,23.301440000000003,625.0
606149,2024,24.15741239892183,371.0
606160,2024,18.065822784810127,632.0
606303,2024,27.97024096385542,830.0
606930,2024,24.85510204081633,1078.0
606965,2024,28.844168734491312,403.0
607067,2024,18.73264150943396,2650.0
607074,2024,30.502205145339122,2993.0
607179,2024,20.403677510608205,707.0
607192,2024,31.085579313774243,2011.0
607200,2024,21.559644846796658,2872.0
607259,2024,22.96338823529412,2125.0
607455,2024,28.565680473372783,676.0
607481,2024,27.392600896860987,892.0
607536,2024,16.953533069530806,1769.0
607625,2024,21.92409120951751,3026.0
607644,2024,25.574881516587674,211.0
608032,2024,24.197544338335607,733.0
608331,2024,24.399200000000004,2625.0
608334,2024,24.203386004514673,1329.0
608344,2024,16.8446519524618,1767.0
608371,2024,25.169849246231156,796.0
608379,2024,23.08451191391238,2602.0
608638,2024,22.94457831325301,498.0
608717,2024,20.788799192734608,991.0
608718,2024,20.321526418786696,1022.0
608723,2024,31.61581108829569,974.0
613534,2024,39.3,594.0
614179,2024,26.94948453608248,776.0
615698,2024,21.281517509727625,2570.0
620982,2024,15.599999999999998,99.0
621016,2024,25.477777777777774,234.0
621051,2024,24.028621908127207,566.0
621053,2024,27.44841954022988,696.0
621107,2024,21.182719082719085,2442.0
621111,2024,20.076751592356686,1256.0
621112,2024,22.64026402640264,1212.0
621114,2024,31.1311072056239,569.0
621199,2024,17.73343653250774,323.0
621237,2024,28.106017191977077,1047.0
621242,2024,37.94166666666667,912.0
621244,2024,21.281125600549075,2914.0
621345,2024,28.141379310344828,522.0
621363,2024,23.103867403314915,543.0
621366,2024,34.4,92.0
621381,2024,26.94877551020408,980.0
621383,2024,26.177683134582626,1174.0
621389,2024,14.464518976169463,1133.0
622065,2024,31.700884955752212,226.0
622072,2024,21.90105960264901,755.0
622075,2024,14.599999999999998,99.0
622098,2024,24.4,152.0
622250,2024,19.4,130.0
622251,2024,24.728421052631578,380.0
622253,2024,20.122033898305084,590.0
622491,2024,26.053079076277115,2858.0
622554,2024,26.445940783190064,1047.0
622608,2024,18.2,125.0
622663,2024,22.845690550363447,2889.0
622694,2024,17.0,108.0
622786,2024,28.455932203389832,531.0
623149,2024,24.57888,625.0
623167,2024,22.542810575878303,2761.0
623211,2024,28.724694104560623,899.0
623352,2024,40.19444444444444,1152.0
623433,2024,23.473098330241186,539.0
623465,2024,30.003510895883778,826.0
623474,2024,37.2,76.0
624133,2024,21.340391156462584,2352.0
624522,2024,23.012021857923497,366.0
624647,2024,17.623357664233577,274.0
625643,2024,27.454437869822485,2028.0
628317,2024,22.960454065469904,1894.0
628452,2024,30.02801724137931,928.0
628708,2024,23.927676240208875,383.0
630023,2024,21.19362186788155,439.0
640448,2024,22.519444444444442,1008.0
640451,2024,26.73846153846154,780.0
640455,2024,26.48681575433912,2996.0
640462,2024,31.35799289520427,1126.0
640470,2024,27.5,155.0
641154,2024,27.210046885465506,2986.0
641302,2024,19.810355207706202,1661.0
641312,2024,12.14642857142857,168.0
641329,2024,25.036619718309858,284.0
641360,2024,23.9,117.0
641482,2024,24.186226685796267,2788.0
641540,2024,22.557773512476004,1563.0
641585,2024,18.367338709677416,248.0
641656,2024,33.6859450726979,619.0
641703,2024,15.834494773519165,574.0
641712,2024,18.566067864271457,1503.0
641726,2024,12.8,103.0
641729,2024,33.42703739213807,1043.0
641745,2024,18.156363636363636,550.0
641755,2024,31.077855887521967,1138.0
641771,2024,25.794927536231885,690.0
641793,2024,22.796740442655935,2485.0
641816,2024,26.2,121.0
641835,2024,16.868213783403657,711.0
641927,2024,28.427986476333587,2662.0
641941,2024,27.56111111111111,504.0
642048,2024,25.28027842227378,431.0
642100,2024,30.889051094890515,411.0
642121,2024,17.1,143.0
642207,2024,40.059999999999995,385.0
642232,2024,20.7636845593108,1509.0
642397,2024,30.06419612314709,877.0
642520,2024,22.95758426966292,356.0
642546,2024,30.152,750.0
642547,2024,31.469399803214166,3049.0
642629,2024,27.468059701492535,335.0
642701,2024,27.535778985507246,1104.0
643256,2024,16.567307692307693,416.0
643338,2024,24.042376950780316,833.0
643377,2024,40.10276854928018,903.0
643410,2024,33.85409836065574,732.0
643511,2024,19.210040160642567,996.0
647315,2024,22.333333333333332,648.0
647336,2024,24.376708302718587,1361.0
650556,2024,34.27461300309598,1292.0
650633,2024,28.203039723661487,2895.0
650644,2024,21.276122840690977,2605.0
650671,2024,33.5,357.0
650893,2024,25.174727932285368,827.0
650895,2024,26.5,111.0
650911,2024,23.749731279111426,2791.0
655889,2024,26.52811980033278,601.0
656222,2024,24.193776641091223,1173.0
656232,2024,16.208900523560207,382.0
656234,2024,22.94385113268608,618.0
656240,2024,25.049596774193546,248.0
656271,2024,30.104119850187267,534.0
656288,2024,24.051889791593073,2831.0
656302,2024,32.11373005319149,3008.0
656412,2024,32.80251836306401,953.0
656427,2024,32.20905366653011,2441.0
656464,2024,27.95675675675676,1184.0
656529,2024,28.831578947368424,228.0
656546,2024,35.88911088911089,1001.0
656550,2024,33.29547413793104,928.0
656557,2024,22.51426448736998,2692.0
656605,2024,21.574122651542005,2821.0
656629,2024,32.732252410166524,1141.0
656638,2024,43.3,218.0
656641,2024,27.480310880829016,772.0
656730,2024,31.557357357357354,666.0
656731,2024,28.829204265791635,1219.0
656756,2024,26.88047493403694,1895.0
656848,2024,20.833333333333332,345.0
656849,2024,25.201389631213257,1871.0
656876,2024,24.645602605863196,307.0
656887,2024,22.4,261.0
656924,2024,24.027241379310343,290.0
656945,2024,32.93333333333333,1161.0
657006,2024,23.843388429752064,1936.0
657024,2024,24.456877323420073,538.0
657044,2024,22.94933469805527,977.0
657053,2024,17.65,324.0
657097,2024,27.11457663451233,933.0
657240,2024,22.753389830508475,236.0
657277,2024,20.41790757381258,3116.0
657376,2024,29.799928520371694,1399.0
657508,2024,24.553684210526313,1045.0
657514,2024,23.123120567375885,705.0
657571,2024,26.897547974413644,938.0
657585,2024,37.13897959183673,980.0
657612,2024,11.742212674543502,931.0
657649,2024,21.591088082901557,965.0
657697,2024,38.6,103.0
657746,2024,26.611206077872747,2106.0
658648,2024,23.32015748031496,1270.0
660600,2024,30.284337349397592,249.0
660761,2024,28.891328828828826,888.0
660825,2024,29.57668711656442,326.0
660853,2024,30.54538461538462,1040.0
660896,2024,29.039930151338762,859.0
661395,2024,34.38045454545455,880.0
661403,2024,26.797828335056877,967.0
661527,2024,22.941288782816233,838.0
661563,2024,28.872710210210208,2664.0
662253,2024,39.679390115667715,951.0
663158,2024,22.241529411764706,850.0
663362,2024,20.973306122448978,2450.0
663372,2024,23.258207217694995,2577.0
663423,2024,27.81157102539981,1063.0
663432,2024,27.168682505399566,926.0
663436,2024,25.893082524271843,824.0
663460,2024,31.389624724061814,453.0
663465,2024,18.771731448763248,283.0
663474,2024,23.22116564417178,1304.0
663485,2024,26.266291161178508,1154.0
663531,2024,20.008695652173916,276.0
663542,2024,21.955555555555556,927.0
663546,2024,20.451778329197683,1209.0
663554,2024,21.811256395679365,1759.0
663559,2024,19.700893697083725,2126.0
663562,2024,7.6,148.0
663567,2024,21.944132917964694,963.0
663568,2024,19.458333333333332,480.0
663574,2024,34.18787878787879,429.0
663623,2024,22.044474761255117,2932.0
663687,2024,21.388751033912325,1209.0
663704,2024,29.080633373934226,821.0
663738,2024,29.99089184060721,527.0
663765,2024,13.253521126760564,568.0
663773,2024,21.811677852348993,745.0
663776,2024,25.540625,1248.0
663855,2024,24.199897854954035,1958.0
663878,2024,29.58411934552454,1039.0
663893,2024,29.43883495145631,618.0
663903,2024,23.890803019903913,2914.0
663941,2024,20.0,122.0
663947,2024,24.5330553449583,1319.0
663969,2024,21.78967032967033,455.0
663978,2024,23.905068493150686,1460.0
663989,2024,17.8,96.0
663992,2024,21.63838174273859,482.0
664076,2024,29.98778409090909,1056.0
664126,2024,20.853846153846156,676.0
664192,2024,10.8,81.0
664208,2024,28.07668449197861,935.0
664285,2024,25.876821705426355,2580.0
664299,2024,26.54908424908425,546.0
664350,2024,12.993559322033898,590.0
664747,2024,26.266120777891505,977.0
664776,2024,34.7478125,640.0
664849,2024,33.13232323232323,693.0
664854,2024,35.18600917431193,872.0
664875,2024,22.417241379310344,1073.0
665152,2024,22.88567480423768,2171.0
665620,2024,34.7,158.0
665622,2024,17.889303904923597,589.0
665625,2024,27.369082125603867,828.0
665795,2024,28.279700115340255,1734.0
665871,2024,17.639879759519037,2495.0
665896,2024,30.8303317535545,211.0
666129,2024,19.757471264367815,348.0
666142,2024,31.594091201027624,3114.0
666157,2024,28.64278046162104,1863.0
666159,2024,24.556824512534817,359.0
666171,2024,37.1,74.0
666200,2024,28.78633425669437,1083.0
666201,2024,24.862114537444935,227.0
666204,2024,26.424074074074074,432.0
666205,2024,21.62137809187279,566.0
666214,2024,29.924754901960778,1224.0
666277,2024,25.179196217494088,423.0
666720,2024,22.386649214659688,382.0
666745,2024,17.986219739292366,537.0
666808,2024,33.0466307277628,1113.0
666974,2024,24.85684210526316,760.0
667297,2024,26.195937500000003,320.0
667463,2024,17.459881656804733,845.0
667725,2024,26.58235294117647,425.0
667755,2024,23.595987841945284,1645.0
668338,2024,27.238777908343124,851.0
668390,2024,17.5,120.0
668674,2024,31.072122492080258,947.0
668676,2024,6.5,92.0
668678,2024,24.443284823284824,2405.0
668868,2024,21.2,113.0
668881,2024,30.235506958250504,2515.0
668909,2024,25.63423493044822,1294.0
668933,2024,22.31333853354134,1282.0
668941,2024,26.132043530834345,827.0
668943,2024,19.6,89.0
668964,2024,21.790203685741997,2062.0
668968,2024,35.67984496124031,387.0
669022,2024,28.92663265306122,2940.0
669060,2024,20.978194532739984,1573.0
669062,2024,30.849566587864466,1269.0
669084,2024,23.433333333333334,777.0
669093,2024,36.30159680638723,1002.0
669111,2024,44.8,109.0
669194,2024,18.20393734123624,2362.0
669203,2024,28.511205722070844,2936.0
669211,2024,30.331587429492345,1241.0
669212,2024,24.929566563467493,646.0
669276,2024,36.77016317016317,858.0
669302,2024,32.01389445557783,2994.0
669330,2024,19.6,89.0
669358,2024,24.530099502487566,1206.0
669372,2024,26.25,420.0
669373,2024,31.51001841620626,2715.0
669387,2024,26.07195828505214,863.0
669422,2024,9.9,149.0
669432,2024,20.77940258582256,2243.0
669438,2024,7.5,98.0
669461,2024,24.824478764478766,1295.0
669467,2024,20.004239917269906,1934.0
669620,2024,16.5,164.0
669622,2024,21.622685185185187,864.0
669674,2024,27.298127925117,641.0
669711,2024,20.336201469045122,953.0
669713,2024,26.8022966507177,1045.0
669721,2024,17.749863013698626,365.0
669724,2024,8.8,241.0
669854,2024,28.51697564521992,2751.0
669923,2024,24.20382402707276,2955.0
669952,2024,17.00672268907563,238.0
670036,2024,25.73220779220779,385.0
670046,2024,23.024390243902438,328.0
670059,2024,29.05238649592549,859.0
670102,2024,22.729431216931218,1512.0
670124,2024,21.35451448040886,587.0
670167,2024,21.405,840.0
670174,2024,20.637446808510642,1175.0
670241,2024,2.2,97.0
670280,2024,27.163538611925713,1023.0
670766,2024,13.153858267716537,635.0
670871,2024,11.83021978021978,182.0
670950,2024,24.017223650385603,1167.0
670955,2024,34.69157566302652,641.0
670970,2024,26.158798735511066,949.0
670990,2024,22.767981790591808,659.0
671096,2024,22.22873711340206,2328.0
671106,2024,21.214054054054056,1665.0
671111,2024,10.0,132.0
671212,2024,29.92885682574917,901.0
671305,2024,39.998336106489184,601.0
671345,2024,20.544274809160303,786.0
671737,2024,28.001918047079336,2294.0
671922,2024,30.28490926456542,1047.0
672282,2024,28.6440188172043,1488.0
672335,2024,23.64507531865585,863.0
672391,2024,25.199999999999996,203.0
672456,2024,21.235997400909678,1539.0
672552,2024,6.4,92.0
672578,2024,15.5,303.0
672582,2024,14.981081081081081,851.0
672710,2024,19.8136690647482,973.0
672860,2024,43.4,196.0
673380,2024,35.44055666003976,503.0
673513,2024,32.527394438722965,971.0
673929,2024,26.44657258064516,496.0
674003,2024,23.401282051282053,1170.0
674072,2024,14.976110260336906,653.0
674285,2024,22.80109649122807,456.0
674370,2024,27.50198537095089,957.0
674944,2024,10.3,92.0
675540,2024,20.98317307692308,624.0
675627,2024,25.578318002628123,761.0
675650,2024,14.5,123.0
675921,2024,24.753400000000003,500.0
675989,2024,32.6,98.0
676092,2024,31.373684210526314,646.0
676105,2024,37.08187919463088,298.0
676106,2024,20.090436835891378,847.0
676130,2024,32.013345521023766,1094.0
676254,2024,27.44237427864798,1213.0
676272,2024,24.64936974789916,952.0
676282,2024,29.37941628264209,651.0
676395,2024,29.13915343915344,945.0
676428,2024,20.09751434034417,523.0
676440,2024,26.96719464977121,2841.0
676477,2024,20.4,91.0
676534,2024,27.919959473150964,987.0
676596,2024,18.355110220440885,499.0
676614,2024,20.7,147.0
676661,2024,21.0,121.0
676664,2024,21.77964071856287,2839.0
676680,2024,18.591235059760958,251.0
676684,2024,23.511641221374042,1048.0
676702,2024,28.33614457831326,581.0
676710,2024,25.065993623804463,2823.0
676714,2024,29.22457142857143,350.0
676760,2024,28.46,335.0
676775,2024,24.81086186540732,847.0
676879,2024,20.08,315.0
676962,2024,30.293413173652695,835.0
676969,2024,11.9,88.0
676974,2024,24.057744994731294,949.0
676979,2024,33.20930828351837,2342.0
677053,2024,31.453191489361704,893.0
677161,2024,27.873403141361255,955.0
677944,2024,18.670111016225444,1171.0
677955,2024,12.8,67.0
677958,2024,14.6,93.0
677960,2024,27.479487179487176,1404.0
678020,2024,24.4,99.0
678061,2024,36.52051282051282,351.0
678226,2024,35.105246913580245,324.0
678368,2024,20.003860294117644,1088.0
678394,2024,25.06145024047355,2703.0
678495,2024,30.065765765765764,777.0
678606,2024,13.947353760445683,359.0
678692,2024,26.9,103.0
678821,2024,15.299999999999999,137.0
678906,2024,10.8,90.0
679156,2024,29.708510638297874,235.0
679525,2024,23.39861175381768,2161.0
679885,2024,33.83882752761258,1177.0
680570,2024,29.628951569984032,1879.0
680573,2024,22.27289760348584,2295.0
680694,2024,25.88397435897436,468.0
680704,2024,32.8740777666999,1003.0
680730,2024,22.42038269550749,2404.0
680732,2024,31.697652582159627,213.0
680736,2024,23.0,350.0
680744,2024,15.700000000000001,167.0
680767,2024,21.945970149253732,1340.0
680880,2024,22.7,155.0
680885,2024,27.311181770005298,1887.0
680897,2024,26.70584307178631,599.0
681035,2024,22.35533428165007,703.0
681066,2024,18.8,167.0
681190,2024,19.0333135391924,1684.0
681293,2024,28.53820224719101,2492.0
681402,2024,24.6559718969555,427.0
681432,2024,28.418793503480277,431.0
681517,2024,21.542930153321976,587.0
681676,2024,30.15004226542688,1183.0
681799,2024,26.6926267281106,434.0
681857,2024,27.92120885051268,1853.0
681867,2024,17.027990708478516,1722.0
681869,2024,24.535131578947368,760.0
681892,2024,24.44920382165605,628.0
681911,2024,32.08060836501902,1052.0
681982,2024,27.586836027713627,433.0
682120,2024,28.617804154302668,1011.0
682227,2024,15.7,115.0
682243,2024,23.771109456440804,2686.0
682610,2024,23.155555555555555,1485.0
682842,2024,20.0,166.0
682847,2024,20.775494816211122,2122.0
682990,2024,19.472807017543857,684.0
683003,2024,30.01696480092325,1733.0
683004,2024,26.458998144712428,539.0
683155,2024,19.169597615499256,2013.0
683232,2024,29.035505836575876,1028.0
683409,2024,32.4582338902148,419.0
683627,2024,18.951205400192865,1037.0
683769,2024,25.47441860465116,1075.0
684007,2024,28.01552361396304,2435.0
684320,2024,24.702678571428567,1344.0
685107,2024,21.9,113.0
685299,2024,19.01689655172414,580.0
685801,2024,34.96666666666667,264.0
686539,2024,25.940992647058827,1088.0
686563,2024,21.642850098619327,2028.0
686580,2024,27.993001345895024,743.0
686613,2024,25.31048805815161,2889.0
686642,2024,29.758823529411764,340.0
686730,2024,21.500259571706682,1541.0
686747,2024,11.1,144.0
686752,2024,29.69688398849473,2086.0
686796,2024,23.9,112.0
686799,2024,14.436241610738255,745.0
686826,2024,19.996983758700694,862.0
686973,2024,25.162483829236738,773.0
687134,2024,19.440992167101825,383.0
687330,2024,19.2044420368364,923.0
687424,2024,38.1,184.0
687765,2024,22.28576091391269,2451.0
687792,2024,28.80234833659491,1533.0
687798,2024,18.8,97.0
687863,2024,32.55355450236967,633.0
687911,2024,25.851381215469615,362.0
687922,2024,16.7,131.0
687924,2024,17.75336787564767,386.0
688107,2024,23.905573770491802,305.0
688297,2024,21.920637583892617,596.0
689017,2024,23.02049036777583,1142.0
689147,2024,27.84553817847286,1087.0
689225,2024,23.490625,1152.0
689672,2024,21.851076040172163,697.0
689981,2024,18.60864864864865,185.0
690544,2024,20.7,181.0
690829,2024,27.80821917808219,438.0
690916,2024,15.66470588235294,238.0
690986,2024,23.75342995169082,2070.0
691172,2024,21.432835820895523,268.0
691951,2024,19.4,126.0
693312,2024,29.178526315789473,950.0
693433,2024,23.676340326340327,1716.0
693821,2024,24.055272305909618,863.0
694037,2024,22.5,149.0
694297,2024,24.98824200913242,2628.0
694361,2024,17.1,83.0
694363,2024,24.706183889340927,1229.0
694738,2024,19.972463768115944,759.0
694813,2024,24.76177777777778,2025.0
694973,2024,28.419518314099342,1993.0
695076,2024,20.51047381546135,401.0
695243,2024,40.70139442231076,1004.0
696131,2024,16.220490367775835,571.0
696136,2024,24.085034965034968,715.0
700187,2024,28.218808777429466,319.0
700241,2024,6.1,112.0
700249,2024,21.92469402447804,1389.0
700270,2024,11.2,272.0
701542,2024,20.79846743295019,261.0
701581,2024,28.085441310282068,1099.0
702352,2024,17.993538461538463,650.0
702674,2024,16.7,108.0
800049,2024,18.724590163934426,427.0
805673,2024,23.92348111658457,609.0
806185,2024,29.56664265129683,1388.0
808967,2024,27.517054263565893,1290.0
434378,2025,24.48571978444958,2598.0
445276,2025,26.308005082592118,787.0
450203,2025,27.498116169544744,2548.0
453286,2025,23.117276720351388,1366.0
455119,2025,21.977902621722848,534.0
458677,2025,31.89509677419355,775.0
471911,2025,22.015164520743923,699.0
472610,2025,25.55608646188851,879.0
477132,2025,21.89476219145093,1661.0
489446,2025,35.3,762.0
500779,2025,18.036936522539097,2174.0
502043,2025,11.1,100.0
502085,2025,21.553333333333335,255.0
506433,2025,23.682312252964426,1012.0
518397,2025,12.1,204.0
518489,2025,27.517543859649123,285.0
518585,2025,43.31355704697987,745.0
518876,2025,23.332792093187436,2833.0
518886,2025,29.300000000000004,148.0
519008,2025,11.5,139.0
519141,2025,24.6115,800.0
519151,2025,17.717582417582417,546.0
519242,2025,30.542040816326534,1960.0
519326,2025,19.62162162162162,222.0
521230,2025,11.7,128.0
527048,2025,21.52704402515723,795.0
542881,2025,24.646746654360868,2167.0
542888,2025,24.617994628469116,1117.0
543056,2025,26.158595988538682,698.0
543101,2025,27.540347490347493,518.0
543135,2025,27.761445147679325,1896.0
543243,2025,26.67201646090535,2673.0
543294,2025,17.90933488914819,2571.0
543518,2025,17.0,115.0
543859,2025,21.945288753799392,329.0
547179,2025,22.91993097497843,2318.0
547184,2025,21.003053435114506,524.0
547973,2025,35.73773173391494,917.0
548384,2025,26.5,163.0
552640,2025,29.138529411764708,680.0
554340,2025,32.9,159.0
554430,2025,31.88258145363408,2394.0
554431,2025,21.1,76.0
570632,2025,19.072029702970298,808.0
571510,2025,23.37123088128186,2746.0
571578,2025,27.26134185303514,2504.0
571760,2025,19.98448607108549,2082.0
571927,2025,18.89877300613497,1141.0
571945,2025,16.91025321710253,2409.0
571946,2025,32.208920187793424,639.0
571948,2025,15.273465859982716,1157.0
572955,2025,26.237785016286644,921.0
573124,2025,22.10939597315436,894.0
573186,2025,18.55025295109612,593.0
573204,2025,28.311126760563383,710.0
579328,2025,23.54256712508186,3054.0
592094,2025,33.090129151291514,1084.0
592155,2025,29.7431654676259,556.0
592332,2025,26.814564068692206,3028.0
592351,2025,11.5,99.0
592426,2025,22.105699481865283,772.0
592454,2025,25.162366634335594,1031.0
592662,2025,28.371063829787236,3055.0
592773,2025,29.99582338902148,838.0
592779,2025,33.0,332.0
592791,2025,20.278019201616978,1979.0
592836,2025,18.328335759340124,2061.0
592866,2025,20.906873111782474,1324.0
593423,2025,24.451339285714283,448.0
593576,2025,29.62975929978118,457.0
593958,2025,22.856181597081473,2467.0
593974,2025,28.35363636363636,1100.0
594580,2025,43.9,148.0
594798,2025,30.645304312777107,2481.0
594902,2025,17.81016949152542,413.0
595014,2025,23.522391857506364,393.0
595345,2025,32.442090124640465,1043.0
595928,2025,20.48235294117647,459.0
596001,2025,23.446014877789583,941.0
596112,2025,39.3,101.0
596133,2025,31.001284796573874,934.0
596271,2025,5.9,110.0
596295,2025,14.644419889502764,905.0
601713,2025,24.403758583303215,2767.0
605130,2025,31.18300550747443,1271.0
605135,2025,23.447382920110194,2541.0
605154,2025,20.67924528301887,424.0
605177,2025,29.91170431211499,487.0
605280,2025,21.876519536903036,2764.0
605288,2025,18.369397463002112,1892.0
605347,2025,11.041666666666666,204.0
605400,2025,24.140752551020405,1568.0
605447,2025,28.432667617689013,701.0
605452,2025,22.550552147239266,815.0
605463,2025,28.309002433090026,411.0
605483,2025,33.547483588621446,914.0
605488,2025,24.574885844748856,2847.0
605540,2025,27.183187772925763,916.0
606160,2025,30.673557187827914,953.0
606303,2025,27.854959785522787,373.0
606930,2025,32.5,82.0
606965,2025,25.0,102.0
606996,2025,19.984615384615385,585.0
607067,2025,22.120686932491115,2533.0
607074,2025,30.065207522697797,3084.0
607192,2025,28.28472972972973,1480.0
607200,2025,17.55587734241908,2348.0
607259,2025,19.88684516880093,2577.0
607455,2025,27.798341463414634,1025.0
607481,2025,22.22748466257669,815.0
607536,2025,21.300725221595485,2482.0
607625,2025,20.165114273393698,2319.0
608032,2025,19.0143815915628,1043.0
608331,2025,27.875498855086683,3057.0
608334,2025,25.130857142857145,350.0
608337,2025,22.770415754923416,2285.0
608371,2025,36.424596774193546,248.0
608372,2025,18.280311890838206,2565.0
608379,2025,21.243151969981238,2665.0
608566,2025,18.55466601178782,2036.0
608650,2025,26.944868035190616,682.0
608665,2025,16.7,128.0
608717,2025,25.4,166.0
608718,2025,22.12867383512545,1116.0
614179,2025,25.0,115.0
615698,2025,20.11816816816817,1998.0
620454,2025,20.154017857142858,448.0
621051,2025,24.48913773796193,893.0
621053,2025,25.60214541120381,839.0
621107,2025,20.19955634427684,1127.0
621111,2025,18.472270443124717,2189.0
621112,2025,18.387971274685817,557.0
621121,2025,24.284704743465632,1033.0
621139,2025,28.3,204.0
621199,2025,16.01494661921708,281.0
621237,2025,22.203286384976522,426.0
621242,2025,41.57917448405253,1066.0
621244,2025,21.322725512969413,2583.0
621363,2025,21.9,175.0
621366,2025,29.204373757455272,503.0
621381,2025,24.10466058763931,987.0
621383,2025,21.88035538005923,1013.0
622491,2025,24.805220883534137,2988.0
622503,2025,22.995266272189347,338.0
622554,2025,33.70248328557784,1047.0
622608,2025,18.450224215246635,2230.0
622663,2025,18.436689857195166,2731.0
622786,2025,19.80088105726872,227.0
623149,2025,27.667192429022084,317.0
623167,2025,16.108247422680414,582.0
623211,2025,22.437217194570135,884.0
623352,2025,41.260000000000005,810.0
623433,2025,11.9,116.0
623437,2025,18.814504596527065,979.0
623474,2025,26.01042183622829,1209.0
624133,2025,19.664420600858367,2330.0
628452,2025,28.644087136929457,964.0
640448,2025,24.165551425030976,807.0
640455,2025,27.54148936170213,1034.0
641154,2025,25.49790874524715,1052.0
641302,2025,21.591167192429022,1585.0
641329,2025,29.106533575317606,1102.0
641386,2025,20.4,110.0
641401,2025,28.840952380952384,840.0
641482,2025,20.44689655172414,435.0
641540,2025,21.90232558139535,258.0
641656,2025,28.954121863799283,558.0
641672,2025,18.457293868921774,473.0
641745,2025,26.60251572327044,1113.0
641755,2025,30.28599670510708,1214.0
641778,2025,24.23425985778927,1547.0
641793,2025,20.374246771879484,2788.0
641816,2025,23.156263577118033,1381.0
641835,2025,25.644827586206898,290.0
641927,2025,24.8843949044586,2198.0
641941,2025,29.14541198501873,1068.0
642016,2025,34.0,106.0
642048,2025,5.7,115.0
642100,2025,30.189250814332247,921.0
642121,2025,31.227960526315787,304.0
642152,2025,25.840794223826716,831.0
642207,2025,37.63270440251572,1113.0
642232,2025,26.199508357915438,1017.0
642239,2025,24.1,154.0
642397,2025,26.50042149631191,949.0
642528,2025,28.031843575418993,358.0
642547,2025,29.8628562070095,3053.0
642585,2025,35.237102473498226,566.0
642701,2025,27.95790172642762,753.0
643338,2025,23.164357864357864,693.0
643377,2025,37.68242597898758,1047.0
643410,2025,30.87166454891995,787.0
643511,2025,16.34631901840491,978.0
645261,2025,20.992943618125217,2891.0
647315,2025,11.1,70.0
647336,2025,25.073935821872954,1527.0
650556,2025,41.175384615384615,1170.0
650633,2025,25.345304347826087,1150.0
650644,2025,22.060121951219514,1640.0
650893,2025,22.426527331189714,622.0
650911,2025,29.119613259668505,2896.0
655889,2025,26.138781163434903,361.0
656186,2025,21.508991228070176,456.0
656222,2025,27.112727272727273,825.0
656234,2025,28.589496248660236,933.0
656240,2025,26.777304964539006,705.0
656271,2025,24.55391211146838,933.0
656288,2025,25.118608549874267,1193.0
656302,2025,33.53987581924801,2899.0
656427,2025,26.774465733235076,2714.0
656457,2025,27.328331177231565,773.0
656464,2025,29.28446389496718,457.0
656546,2025,32.14605146406389,1127.0
656550,2025,28.61696750902527,1939.0
656557,2025,22.43262411347518,705.0
656605,2025,20.564701778862922,2867.0
656629,2025,24.4,191.0
656641,2025,29.5635103926097,1299.0
656686,2025,28.8,147.0
656730,2025,31.76215139442231,753.0
656731,2025,31.0348948374761,1046.0
656794,2025,21.1311004784689,1463.0
656848,2025,24.154716981132076,318.0
656849,2025,23.084772137828825,2699.0
656876,2025,22.015855421686748,2075.0
656945,2025,29.79031903190319,909.0
656986,2025,36.47054698457223,713.0
657006,2025,19.875547445255474,274.0
657044,2025,25.995986622073577,598.0
657097,2025,27.042331288343558,978.0
657240,2025,20.04825581395349,344.0
657277,2025,23.839396709323587,3282.0
657376,2025,27.133892321270967,1133.0
657424,2025,23.614903846153844,416.0
657514,2025,19.2799711815562,694.0
657571,2025,21.500767754318616,1042.0
657585,2025,31.062553191489364,940.0
657612,2025,15.742674418604652,860.0
657649,2025,21.720449678800858,934.0
657746,2025,26.149391553328563,2794.0
660271,2025,33.107468123861565,549.0
660730,2025,24.1,154.0
660761,2025,34.12608695652174,207.0
660787,2025,19.592963752665245,469.0
660825,2025,19.518896321070233,1196.0
660853,2025,30.197918552036196,1105.0
660896,2025,25.52466281310212,1038.0
661395,2025,30.60702274975272,1011.0
661403,2025,32.21393775372124,739.0
661563,2025,21.435773195876294,970.0
662253,2025,35.305528134254686,1013.0
663158,2025,24.433985102420856,1074.0
663321,2025,28.600000000000005,101.0
663372,2025,16.5,174.0
663399,2025,20.08164556962025,316.0
663423,2025,20.390983606557377,610.0
663432,2025,13.199999999999998,106.0
663436,2025,20.95726786582401,2057.0
663455,2025,20.9,295.0
663460,2025,28.477938718662948,1795.0
663465,2025,20.13949671772429,914.0
663474,2025,19.6,99.0
663485,2025,22.839596136962246,1139.0
663542,2025,23.7,211.0
663546,2025,8.7,127.0
663554,2025,23.620356991075226,2353.0
663559,2025,18.04586349534643,1934.0
663568,2025,17.654383886255925,1688.0
663574,2025,27.96387306753458,1229.0
663623,2025,18.28699048913043,2944.0
663671,2025,25.467008196721313,488.0
663687,2025,23.45004793863854,1043.0
663738,2025,21.77023445463812,981.0
663765,2025,13.531208791208792,455.0
663767,2025,25.28258164852255,643.0
663795,2025,20.70093896713615,213.0
663804,2025,12.799999999999999,162.0
663855,2025,19.772367149758455,1035.0
663878,2025,13.3,146.0
663893,2025,43.73963254593176,1143.0
663903,2025,23.274105263157892,2850.0
663941,2025,22.451040391676866,817.0
663947,2025,24.809212880143114,1118.0
663969,2025,27.208746618575294,1109.0
663978,2025,20.477064220183486,2507.0
663992,2025,39.2,93.0
664062,2025,29.292892156862745,408.0
664076,2025,35.60861466821886,859.0
664123,2025,5.1,74.0
664126,2025,25.80489977728285,898.0
664139,2025,19.0,199.0
664141,2025,7.9,231.0
664192,2025,19.77876386687797,631.0
664199,2025,22.808439306358384,865.0
664208,2025,37.377941176470586,748.0
664285,2025,26.56753291753292,2886.0
664294,2025,30.53356890459364,283.0
664299,2025,25.33801652892562,484.0
664351,2025,30.9,113.0
664747,2025,24.410526315789475,361.0
664849,2025,23.3,87.0
664854,2025,29.94873487348735,909.0
664875,2025,40.0,135.0
664991,2025,23.3952802359882,339.0
665152,2025,22.391186314615098,2689.0
665625,2025,15.400000000000002,94.0
665660,2025,35.17956403269755,734.0
665795,2025,29.463454706927173,2252.0
665871,2025,16.654237288135594,354.0
666142,2025,35.64494163424124,1028.0
666157,2025,27.377078288942695,2478.0
666171,2025,29.904408817635268,998.0
666200,2025,31.198672419515436,3013.0
666214,2025,23.37659817351598,1752.0
666277,2025,23.309982788296043,581.0
666374,2025,28.2794682422452,677.0
666661,2025,25.214018691588784,535.0
666711,2025,21.258095238095237,315.0
666808,2025,27.857570262919314,1103.0
666974,2025,22.26834862385321,872.0
667297,2025,24.4527114967462,461.0
667463,2025,19.418294360385143,727.0
667755,2025,27.879452054794523,2774.0
668390,2025,16.3472553699284,419.0
668674,2025,25.176843198338524,963.0
668678,2025,22.91116934163118,3053.0
668716,2025,19.6,223.0
668820,2025,20.337411764705887,425.0
668881,2025,32.00967926689576,1746.0
668909,2025,28.15299349982894,2923.0
668933,2025,29.034648700673724,1039.0
668941,2025,26.057251908396946,917.0
668964,2025,20.743391521197005,802.0
668984,2025,24.38269454123113,861.0
669020,2025,17.737519142419604,653.0
669022,2025,30.297267565649395,2818.0
669060,2025,16.920374707259953,854.0
669062,2025,31.474066390041493,482.0
669084,2025,21.260824742268042,388.0
669093,2025,35.71059870550162,1236.0
669160,2025,20.082054858205485,2151.0
669194,2025,22.02904841402337,2396.0
669199,2025,30.07812773403324,1143.0
669203,2025,24.94722222222222,936.0
669211,2025,25.677977315689983,1058.0
669276,2025,33.02068965517242,1102.0
669302,2025,32.73545667447307,2135.0
669308,2025,21.344444444444445,414.0
669330,2025,22.7,125.0
669358,2025,26.11126707132018,2636.0
669371,2025,27.015138121546958,905.0
669372,2025,28.094412698412697,1575.0
669373,2025,31.583230936031804,2767.0
669387,2025,22.35358444714459,1646.0
669422,2025,17.53281853281853,259.0
669432,2025,25.649907805777506,1627.0
669438,2025,24.194045801526716,655.0
669456,2025,26.277083333333334,480.0
669461,2025,19.946898575020956,2386.0
669467,2025,23.512624217887378,2717.0
669620,2025,15.1,108.0
669622,2025,20.383221476510066,745.0
669674,2025,19.35063829787234,705.0
669684,2025,29.19943820224719,356.0
669704,2025,30.0,167.0
669711,2025,21.695381310418902,931.0
669713,2025,19.92218649517685,311.0
669724,2025,16.448565121412802,906.0
669854,2025,30.186506935687266,793.0
669920,2025,22.95424413904608,1237.0
669923,2025,26.419959677419353,1984.0
670036,2025,27.422237017310252,751.0
670059,2025,25.64267515923567,314.0
670102,2025,21.306927374301672,895.0
670167,2025,22.396296296296295,1026.0
670280,2025,32.53388671875,1024.0
670329,2025,33.51758474576271,472.0
670912,2025,30.539115044247787,565.0
670955,2025,36.366148531951644,1158.0
670970,2025,21.927694090382385,863.0
670990,2025,28.414258911819886,533.0
671096,2025,23.653825136612017,2562.0
671106,2025,20.689574861367838,2705.0
671109,2025,25.0,135.0
671131,2025,25.620836445108292,1339.0
671212,2025,29.012218649517685,933.0
671737,2025,25.096170774647884,2272.0
671922,2025,33.668245125348186,1077.0
672282,2025,32.24334277620396,1059.0
672335,2025,21.820640569395017,281.0
672391,2025,28.75380359612725,723.0
672456,2025,19.4953125,1472.0
672578,2025,28.30549132947977,692.0
672582,2025,15.78130311614731,1059.0
672782,2025,24.009811694747274,1009.0
672841,2025,18.042578125,1024.0
673380,2025,28.8,85.0
673513,2025,28.7078410311493,931.0
673540,2025,26.802617801047116,1528.0
673929,2025,32.32442396313364,1085.0
674285,2025,20.401303538175046,537.0
674370,2025,24.575778816199378,1284.0
674384,2025,26.6,155.0
674444,2025,24.39906542056075,642.0
674841,2025,17.399215686274506,255.0
675512,2025,28.979906542056074,428.0
675848,2025,30.469897483690588,1073.0
675911,2025,31.083010432190758,2013.0
676083,2025,18.041245376078916,1622.0
676092,2025,18.62016129032258,372.0
676106,2025,19.873037790697673,1376.0
676130,2025,29.365029469548134,1018.0
676254,2025,21.214426877470355,1012.0
676263,2025,26.393021032504784,1046.0
676282,2025,28.397189981673797,1637.0
676395,2025,28.611728395061732,972.0
676428,2025,25.598393574297184,996.0
676440,2025,23.338026271471872,2969.0
676467,2025,18.068652482269506,1410.0
676477,2025,32.68560411311054,1167.0
676508,2025,28.060032102728734,1246.0
676534,2025,24.038937093275486,922.0
676571,2025,27.16745406824147,381.0
676604,2025,24.5,84.0
676617,2025,24.998018494055483,757.0
676661,2025,19.656319999999997,625.0
676664,2025,21.59587234042553,2350.0
676684,2025,26.268590350047305,1057.0
676702,2025,21.747876447876447,259.0
676755,2025,22.444285714285716,700.0
676879,2025,28.564222001982156,1009.0
676917,2025,29.42565517241379,725.0
676961,2025,14.386150712830958,491.0
676962,2025,26.615544967242407,1679.0
676974,2025,27.92663043478261,920.0
676979,2025,28.54865671641791,3015.0
677161,2025,24.152038369304556,417.0
677865,2025,20.5,112.0
677944,2025,22.854759519038076,1996.0
677952,2025,27.261913696060038,1066.0
677955,2025,26.851024590163938,488.0
677958,2025,24.570921985815602,987.0
677960,2025,29.514524207011686,599.0
678020,2025,29.282704402515723,636.0
678022,2025,30.932352941176468,476.0
678024,2025,23.80629820051414,1556.0
678215,2025,18.2,96.0
678226,2025,28.9581589958159,717.0
678368,2025,20.081275221953188,1239.0
678394,2025,19.752910641453468,2697.0
678495,2025,30.783168316831688,808.0
678606,2025,24.191403162055337,1012.0
678692,2025,35.28428949691086,1133.0
678821,2025,15.800000000000002,308.0
678906,2025,31.142857142857142,364.0
679358,2025,26.637004405286344,681.0
679775,2025,19.123650385604112,389.0
680573,2025,23.54098998887653,1798.0
680684,2025,23.030434782608697,322.0
680689,2025,21.532289950576608,607.0
680694,2025,31.616705336426918,431.0
680704,2025,50.0,141.0
680729,2025,18.8,79.0
680730,2025,19.531127541589647,2705.0
680732,2025,25.35391414141414,2376.0
680735,2025,15.846735395189002,291.0
680736,2025,23.817140151515154,1056.0
680742,2025,36.691275167785236,596.0
680755,2025,28.937376237623763,808.0
680767,2025,26.10978135788262,869.0
680880,2025,24.980615384615383,325.0
680885,2025,28.28048315321043,1573.0
681006,2025,26.93917995444191,439.0
681168,2025,25.072844827586206,232.0
681190,2025,15.718744053282586,2102.0
681293,2025,28.35558194774347,421.0
681343,2025,28.302069536423843,2416.0
681347,2025,27.571724137931035,1450.0
681517,2025,23.156296296296297,1350.0
681676,2025,29.079101123595503,445.0
681799,2025,23.1,83.0
681857,2025,26.941743119266054,1090.0
681867,2025,21.2,86.0
681869,2025,20.817615176151765,369.0
681870,2025,36.1,342.0
681882,2025,20.0,90.0
681892,2025,23.441428571428574,560.0
681895,2025,32.4,103.0
681911,2025,31.303749999999997,960.0
681982,2025,30.526666666666664,1110.0
682052,2025,28.350420168067224,1666.0
682120,2025,30.463141025641026,624.0
682171,2025,36.0,114.0
682243,2025,22.824721603563475,1347.0
682254,2025,35.451222351571595,859.0
682274,2025,37.386086956521744,230.0
682790,2025,24.0,206.0
682825,2025,20.0,302.0
682842,2025,32.57058823529412,1139.0
682847,2025,28.721385742838105,1501.0
682989,2025,9.7,153.0
682990,2025,23.86145619086796,2431.0
683004,2025,24.72326751838947,2583.0
683155,2025,22.4,91.0
683175,2025,36.1854748603352,358.0
683232,2025,25.11901234567901,810.0
683409,2025,28.60655577299413,1022.0
683618,2025,23.3,79.0
683627,2025,13.6,270.0
683769,2025,33.21668255481411,1049.0
684007,2025,24.39148024750119,2101.0
684320,2025,26.699050086355786,1158.0
685107,2025,24.830179028132992,391.0
685126,2025,32.88927659574468,1175.0
685299,2025,17.896610169491527,1239.0
685314,2025,30.765544041450777,386.0
685326,2025,22.68537859007833,383.0
685801,2025,27.68374384236454,203.0
686218,2025,32.693023255813955,1075.0
686228,2025,0.0,72.0
686563,2025,21.0675615212528,1788.0
686580,2025,24.69971590909091,352.0
686613,2025,28.22328767123287,2920.0
686642,2025,29.5,168.0
686701,2025,24.30671441360788,1117.0
686752,2025,26.15986608901142,2539.0
686790,2025,36.4,107.0
686799,2025,20.818406889128095,1858.0
686826,2025,14.099999999999998,158.0
686930,2025,15.8,230.0
686973,2025,26.984824462061155,883.0
686993,2025,30.813736263736264,1092.0
687064,2025,21.42176308539945,726.0
687075,2025,6.5,101.0
687134,2025,16.017424975798644,1033.0
687223,2025,21.387500000000003,592.0
687330,2025,16.807559395248383,463.0
687362,2025,20.388804071246817,393.0
687377,2025,28.212315270935964,406.0
687396,2025,25.4,234.0
687473,2025,23.147329545454546,1760.0
687606,2025,28.873559322033902,295.0
687765,2025,25.162125748502994,1336.0
687830,2025,12.183333333333334,216.0
687849,2025,28.1,118.0
687863,2025,25.98808373590982,621.0
687888,2025,25.01265356265356,814.0
687911,2025,24.784172661870503,973.0
687922,2025,27.1,218.0
687931,2025,22.739481268011527,347.0
688138,2025,19.13923766816144,1338.0
688158,2025,25.379477124183005,765.0
688297,2025,21.821854304635764,302.0
688497,2025,20.3,178.0
688642,2025,26.552619589977223,439.0
689017,2025,21.91161178509532,577.0
689147,2025,23.490959925442688,1073.0
689225,2025,20.4,197.0
689254,2025,31.822144522144523,858.0
689266,2025,31.106903765690372,478.0
689690,2025,21.098275862068963,522.0
690382,2025,10.0,68.0
690916,2025,23.60700179533214,557.0
690925,2025,31.07118279569892,465.0
690928,2025,21.717443249701315,837.0
690953,2025,26.77844202898551,552.0
690986,2025,26.9,506.0
690990,2025,25.451836492890997,1688.0
690997,2025,26.860311958405546,577.0
691251,2025,4.1,116.0
691587,2025,28.01199469847581,1509.0
691799,2025,30.93041958041958,572.0
691951,2025,19.2,143.0
692285,2025,30.143722943722945,231.0
693312,2025,30.83882896764253,649.0
693313,2025,22.69471698113208,530.0
693433,2025,26.13139277818718,2714.0
693645,2025,26.882436010591352,1133.0
693821,2025,21.643476531424025,2514.0
693855,2025,26.65514792899408,845.0
694037,2025,27.223869346733668,796.0
694297,2025,22.41631254283756,2918.0
694335,2025,23.330599369085174,951.0
694350,2025,26.206916426512965,347.0
694361,2025,27.0,175.0
694363,2025,25.262176165803112,193.0
694462,2025,28.28903020667727,629.0
694477,2025,22.314529914529917,1872.0
694646,2025,18.9,105.0
694738,2025,23.904896626768224,1838.0
694819,2025,28.989954337899544,1095.0
694851,2025,22.0,102.0
694973,2025,29.975857193354543,2829.0
695243,2025,45.474000000000004,950.0
695418,2025,21.404048964218454,2124.0
695445,2025,21.724113475177305,564.0
695505,2025,32.092285714285715,700.0
695549,2025,25.271144278606965,804.0
696136,2025,16.7,86.0
696147,2025,26.89096989966555,299.0
696149,2025,33.392634560906515,353.0
696270,2025,31.0,119.0
699911,2025,11.6,98.0
700241,2025,19.507865937072506,1462.0
700249,2025,23.980462184873947,1904.0
700363,2025,26.547469458987784,573.0
700669,2025,24.498344827586205,725.0
701487,2025,19.42844243792325,443.0
701519,2025,27.41032028469751,562.0
701542,2025,24.782690935046396,2802.0
701552,2025,30.765281899109798,337.0
701581,2025,27.475283446712023,882.0
701656,2025,28.145054945054945,364.0
702070,2025,26.101247689463953,2164.0
702352,2025,14.930594405594407,1144.0
702674,2025,18.387254901960784,408.0
702795,2025,12.0,107.0
800048,2025,26.16007326007326,546.0
800049,2025,23.05283582089552,335.0
800311,2025,18.8,169.0
801139,2025,28.3,195.0
801403,2025,23.101181102362204,1778.0
804636,2025,22.26761904761905,315.0
805123,2025,30.662396694214873,484.0
805299,2025,7.4,145.0
805673,2025,27.712736236647494,1217.0
806185,2025,28.57402044293015,1174.0
806188,2025,23.499591836734695,735.0
806960,2025,23.421466666666664,750.0
808963,2025,21.58030888030888,518.0
808967,2025,28.36289192180007,2711.0
815083,2025,30.143870967741936,310.0
820862,2025,35.05201288244766,621.0
829272,2025,22.88152985074627,536.0
